,Ltweets
0,"#TRUMPshot ğŸ“· | Un agresorÂ yÂ un civil murieronÂ en elÂ atentado en mitin de #DonaldTrump,Â enÂ #Pensilvania, informÃ³ a la agencia @AP_Noticias el fiscal de distrito del condado #Butler."
1,Heres the shooter..a Democrat antifa member...a LGBTQ supporter...a terrorist piece of sh*t. #DonaldJTrump #DonaldTrump
2,Tune in and follow @MeritStreet for breaking news.  #Trump #Trump2024 #MeritStreetMedia #DonaldTrump #Incident #TRUMP2024ToSaveAmerica #TRUMPshot
3,"Sadly, two innocentÂ  people died. People also died on January 6th, 2021, at the Capitol buildingÂ  in case anyone has forgotten.  #DonaldTrump said, 'Get over it' after a school shooting  He joked as president he could have some killed and expect immunity. You reap what you sow."
4,Reports are that the shooter is dead. #DonaldTrump #DonaldJTrump #AmbaniWedding #AmbaniFamilyWedding #AmbaniFamily #Ambani
5,@realDonaldTrump will never be assassinatedâ€¼ï¸â€¼ï¸ğŸ…±ï¸ #DonaldTrump #PresidentialElection2024
6,"ğŸ—£ï¸ El mensaje de Javier #Milei por el ataque a #DonaldTrump.  ğŸš¨ Donald Trump, candidato republicano a la presidencia de #EstadosUnidos, resultÃ³ con una herida en medio de un tiroteo que se produjo esta tarde mientras daba un discurso de campaÃ±a en #Pensilvania.  ğŸ—£ï¸ Mientras hablaba ante sus seguidores, en la ciudad de #Butler se escucharon varias detonaciones, y allÃ­ se vio a Trump tomÃ¡ndose la oreja derecha y con algunas manchas de sangre en su rostro. Inmediatamente, fue evacuado por los integrantes del servicio secreto, quienes lo trasladaron hacia otra dependencia.  ğŸ—“ï¸ Este sÃ¡bado, poco despuÃ©s de las 20, la Oficina del Presidente emitiÃ³ un comunicado en el que manifestÃ³ que ""el presidente Javier Milei expresa su mÃ¡s enÃ©rgico repudio al intento de asesinato contra el ex Presidente y candidato a la presidencia Donald Trump"".  ğŸ“ LeÃ© la nota completa https://acortar.link/AhMha9"
7,Civil wars don't happen overnight. They're the result of long-standing issues that boil over. #Trump #TrumpRally #TRUMP2024ToSaveAmerica #Trump2024 #DonaldTrump #DonaldJTrump
8,This is suspect were you behind this shooting Mr Biden?  #DonaldTrump
9,Wow. #DonaldTrump
10,Caramba! O dia foi tÃ£o puxado que somente agora fiquei sabendo do atentado contra Donald Trump.   #DonaldTrump
11,Tentaram mat4r Donald Trump #DonaldTrump #usa #estadosunidos #EUA #atentado #politica #corrupÃ§Ã£o #trend #fypã‚· #viral #fyp #fy #birafitness   ğŸ“º BIRAFITNESS CHANNEL  https://k.kwai.com/p/dlNCSs3m
12,"President Biden on Trump: "" Iâ€™m grateful to hear that heâ€™s safe and doing well. Iâ€™m praying for him and his family and for all those who were at the rally, as we await further information. ""  #DonaldTrump #Biden #Pennsylvania #Trump"
13,#DonaldTrump  after this incident At the Rally
14,Sleepy Joe is sleeping.  #DonaldTrump #DonaldJTrump #Trump #TrumpRally #Pennsylvania #JoeBiden #Biden #SleepyJoe
15,A supporter just pulled out a gun and shot Donald Trump.  #DonaldTrump #DonaldJTrump
16,Donald Trump will now win in a landslide victory. â€¦. This incident just determined the outcome of the 2024 election. #DonaldTrump
17,BirkaÃ§ gÃ¼n Ã¶nce Joe biden trump'Ä± kasdeterek onu hedef tahtasÄ±na koyma zamanÄ± geldi demiÅŸti.#saldÄ±rÄ± #sondakika #DonaldTrump #haberler #kulaÄŸÄ±nÄ± #suikast
18,"Pues porque no estÃ¡is viendo la TVE2, la Tv del dictador #SanchezTraidor  ahora mismo. Han puesto un documental de lo malo malÃ­simo del ultraderechista mÃ¡s a la derecha de los ultra derechistas #DonaldTrump, ese que nunca entrÃ³ en ninguna guerra y acabÃ³ con algunas. #PrensaBasura"
19,This is scary ğŸ˜®   #Trump #TrumpRally #Trumphshooting #Shooting #DonaldTrump #DonaldJTrump
20,Intentaron matar a #DonaldTrump. Noticia en desarrollo.
21,Â¿Por quÃ© @nayibbukele no critica a #DonaldTrump por decir 3 veces la palabra peleen cuando se levanto? No se debe tener mas violencia y venganza por lo que a uno le sucede. Se debe mas racional y no carnal.
22,SaldÄ±rganÄ± etkisiz hale getiren Gizli Servis Keskin NiÅŸancÄ± timi.  #Trump #KulaÄŸÄ±nÄ± #Pensilvanya #DonaldTrump
23,BREAKING NEWS. @DonaldJTrumpforPresident â€‹@oyabakatousan #donaldtrump #d... https://piped.video/shorts/RJnxvXaWfKI?si=7NGnN-uk_VJR2hLX via @YouTube @realDonaldTrump @POTUS @DonaldJTrumpJr #biden #trump #rally #hiphop
24,â­•ï¸ Agresor de #DonaldTrump muriÃ³ https://lajornadaestadodemexico.com/agresor-de-donald-trump-y-un-civil-murieron-despues-del-ataque/
25,Pray for Trump. He's the last hope for Western civilization as you know it @realDonaldTrump @Cobratate @TateTheTalisman . . #boxing #ufc #mma #donaldtrump #trump #trump2024 #agaboxing #danawhite #trumpshot #trumpassassination #trumpassassinationattempt #fight #freedom #superhero
26,"MUNDO | #Pensilvania ğŸ‡ºğŸ‡¸  El Servicio Secreto de EE.UU ha confirmado que el tirador que atentÃ³ vs #DonaldTrump fue abatido.  Su cuerpo yace en el tejado de una casa a 415 pies de distancia del templete donde #Trump daba su discurso en el condado de Butler, PA."
27,Former #US President #BarackObama has issued a statement following the assassination attempt against former President #DonaldTrump during a political rally in #Butler #Pennsylvania...
28,DONALD TRUMP (DOMBRA TRAP) https://piped.video/oOSWEpCwq9s?feature=shared via @YouTube #DonaldTrump
29,This is not right... #DonaldTrump
30,Shameful attempt to kill @realDonaldTrump for #Power. #DonaldTrump is real Hero of #USA . Shameful attempt to kill democracy in USA.
31,#DonaldTrump
32,#DonaldTrump il lui est arrivÃ© quoi comme Ã§a ?   #Trump #POTUS #wtf
33,El ataque contra #DonaldTrump es el claro ejemplo de la polÃ­tica estadounidense.
34,He has to get his ear bandaged and then Iâ€™m sure he he will!!! #DonaldTrump
35,Get well soon Mr. President @realDonaldTrump . You are a fighter.   #DonaldTrump
36,El exmandatario fue evacuado tras escucharse sonido de disparos y las autoridades han confirmado que el lugar se ha declarado â€œescena de un crimenâ€ y una ambulancia evacuÃ³ al exgobernante.   #DonaldTrump #noticias #ÃšltimaHora #viral #ÃngelMetropolitano #Trump #Pensilvania #fyp #parati
37,La misma estrategia de la derecha extrema.  #JairBolsonaro #DonaldTrump
38,these men challenged the establishments and establishment didnâ€™t like it.  both survived assassination attempts.  #DonaldTrump #ImranKhan
39,https://x.com/BarackObama/status/1812271849893442018?s=19 #TrumpRally #trump #DonaldTrump #shooting
40,"#DonaldTrump under attack, but fortunately survived in assassination attempt in Pennsylvania while addressing a rally."
41,Listening to #radio5 about #DonaldTrump shooting. An American who was being interviewed took cultural offence to a question about rite to hold guns. This is what happens when you have these type of gun laws. UK learnt this the hard way with Dunblane massacre.
42,#DonaldTrump
43,"Former President #DonaldTrump says he is â€œfineâ€ after heâ€™s injured when shots are fired at his rally in Butler, PA.  Itâ€™s unclear how many people were hurt. witnesses on NBC say they saw 2 people shot  #Trump #TrumpRally #Trump2024 #AssassinationAttempt"
44,Just saw that someone almost assassinated Trump ğŸ˜³ #DonaldTrump #Rally #AssassinationAttempt #Pennsylvania
45,Please comment about former president Donald Trump being shot today at a rally in Pennsylvania. Thank you.   #JoeBiden #DonaldTrump #shooter #rally
46,Leader !!!   #Trump #TrumpRally #Trumphshooting #Shooting #DonaldTrump #DonaldJTrump
47,Donald Trump Resulta Herido Durante Mitin en Pensilvania  AmplÃ­a esta nota https://larazon.do/donald-trump-resulta-herido-durante-mitin-en-pensilvania/ #DonaldTrump #Pensilvania #ServicioSecreto #JoeBiden #TrumpIsProject2025 #Trump
48,Por lo menos pueden estar seguros de cual de los dos candidatos tiene mejores reflejos #DonaldTrump
49,Is ğŸ‘‡ğŸ¼ jazbay ko kaise harao ge?? #DonaldTrump #ImranKhan #HaqeeqiAzadi âœŠğŸ½
50,"Ex-President ""Fine"" #SecretService shot and KILLED a suspected shooter at a #Trump rally in #Pennsylvania after shots were fired, according to law enforcement officials @WSJ 13/7-24  #USPolitics #TrumpShot #DonaldTrump #PresidentialCandidates VIDEO 02.12 https://www.wsj.com/livecoverage/trump-rally-incident"
51,#DonaldTrump #CNN #NewsUpdate
52,#DEMOCRATS are criminals !!!!! they try to stop trump!!! full support to trump #DonaldTrump
53,Shame on @CNN   They are not calling this as an assination attempt .  Are they behind this attack on #DonaldTrump   They certainly created the atmosphere of hate .
54,ğŸ‡ºğŸ‡¸ ğŸš¨ | Este es el elemento del servicio secreto que eliminÃ³ al disparador inmediatamente despuÃ©s de que abriÃ³ fuego contra el candidato #DonaldTrump Â¡Probablemente salvÃ¡ndole la vida!
55,Donald Trump Diturunkan dari Podium Usai Penembakan https://rri.co.id/internasional/823995/donald-trump-diturunkan-dari-podium-usai-penembakan #Trump2024 #DonaldTrump #uspresident
56,"Calon Presiden Amerika, Donald Trump ditembak saat kampanye. #Amerika #DonaldTrump"
57,ğŸ˜±ğŸ”´ #Vi0lencia| Intentan asesin4r a Donald Trump durante un mitin en Pensilvania. Se escucharon sonidos de mÃºltiples disparos. El Servicio Secreto de EUA lo escoltÃ³ hasta su vehÃ­culo.  ğŸ“¸ Getty Images   #DonaldTrump
58,Major security incident? Are you flipping kidding me? You guys are worthless! Thatâ€™s why nobody trusts the mainstream media. Independent news sources are the real news. #DonaldJTrump #DonaldTrump #AssassinationAttempt
59,Gunshots fired at Trump rallyğŸš¨  Ø§Ù…Ø±ÛŒÚ©ÛŒ Ø±ÛŒØ§Ø³Øª Ù¾Ù†Ø³Ù„ÙˆØ§Ù†ÛŒØ§ Ù…ÛŒÚº ÚˆÙˆÙ†Ù„Úˆ Ù¹Ø±Ù…Ù¾ Ú©ÛŒ Ø±ÛŒÙ„ÛŒ Ù¾Ø± ÙØ§Ø¦Ø±Ù†Ú¯ Ú©ÛŒ Ú¯Ø¦ÛŒ ÛÛ’Û” #DonaldTrump was giving a speech in Pennsylvania when he appeared to fall to the ground - at which point he was surrounded by armed security staff.
60,"On FOX News, a former NYPD inspector wants to blame #Palestine activists for attempting to assassinate #DonaldTrump."
61,"â€œGet the Presidency, Or Die Tryingâ€ ~ #DonaldTrump"
62,#Trump #DonaldTrump #Pennsylvania #Theleft #shooter
63,#DonaldTrump
64,Why doesn't @realDonaldTrump have a Presidential Security Package @SecretService @DHSgov #Trump2024 #AssassinationAttempt #DonaldJTrump #DonaldTrump
65,"President Trump Latest Update: #Trump #Donaldtrump  23:55 GMT A close-up photo from the Trump rally in Butler, Pennsylvania on Saturday shows the injured Republican presidential candidate being rushed offstage after an assassination attempt."
66,8 bullets & Ketchup ğŸ˜ #DonaldTrump
67,Didn't expect  this. Hope hes fine!   #Trump #TrumpRally #Trumphshooting #Shooting #DonaldTrump #DonaldJTrump
68,"Well after that itâ€™s going to be a very, VERY interesting election this November. #DonaldTrump #JoeBiden"
69,To what extent will the attempted assassination of #DonaldTrump  impact the presidential elections in November? #USElections2024
70,Gracchus Trump.  #TrumpAssassinationAttempt #tiberiusgracchus #DonaldTrump #gracchustrump #DIVINEINTERVENTION
71,"Â¡Grande @realDonaldTrump ! Si quedaba alguna duda, de la forma mÃ¡s baja y perversa, sus oponentes la han aclarado.   #DonaldTrump"
72,President Donald J Trump is absolutely fine now . Wish him full recovery soon #Trump #TrumpRally #DonaldTrump #DonaldJTrump #Trump2024
73,Barack Obama released statement over #DonaldTrump shooting well over an hour after the event but before #JoeBiden
74,The stage...  #DonaldTrump #DonaldJTrump #trump
75,UPDATE: William bruce rose (the shooter) just passed away #DonaldTrump
76,"Â¡ACTUALIZACIÃ“N!; dos personas fueron asesinadas, en el atentado contra Donald Trump. #DonaldTrump"
77,"I wish full recuperation for the healthy of @realDonaldTrump. I desejo plena recuperaÃ§Ã£o para saÃºde de #DonaldTrump. Que Deus cuide das pessoas, que estÃ£o nos Estados Unidos, no #Brasil e no mundo."
78,God Bless USA #DonaldTrump
79,"ğŸš¨ Ãšltima Hora: El Expresidente EstÃ¡ a Salvo Tras Ataque en MÃ­tin, un Asistente Fallece. #swipe para mas fotos ğŸ“· Getty Images  #Breakingnews #NoticiaUltimaHora #DonaldTrump #EnriqueSantosShow #iHeartRadio #iHeartLatino @iHeartRadio"
80,Picture of the year  #DonaldTrump
81,#SONDAKÄ°KA   ğŸš¨Donald Trump'a yÃ¶nelik suikast giriÅŸimini gerÃ§ekleÅŸtiren ÅŸahÄ±s. #donaldtrump
82,"Breaking! Donald Trump gets allegedly attacked on his rally, security rushed him to safety. Trump was evacuated with blood arround his ears and face. Real attack or a staged skit? The future holds the answer  #USA #DonaldTrump #Trump #JoeBiden2024 #US #TrumpRally #Trump2024 #News"
83,Someone check on Amber Rose dumd ass  #donaldtrump
84,ğŸ˜±ğŸ”´ #Vi0lencia| Intentan asesin4r a Donald Trump durante un mitin en Pensilvania. Se escucharon sonidos de mÃºltiples disparos. El Servicio Secreto de EUA lo escoltÃ³ hasta su vehÃ­culo.  ğŸ“¸ Getty Images   #DonaldTrump
85,"If these images donâ€™t make all conservatives and independents and even Democrats with some common sense to vote for President #Trump, Iâ€™m not sure what will.   The left keeps talking about Democracy while they do this.   #DonaldJTrump #DonaldTrump #Trump2024"
86,Former President Donald Trump was rushed off stage with a bloody ear by the Secret Service at a Pennsylvania rally after apparently being shot   #DonaldTrump #Trump
87,"Two legends, Trump and Khan #TrumpAssassinationAttempt #ImranKhanPTI #DonaldTrump ğŸ“"
88,#DonaldTrump #DonaldJTrump #KamalHaasan #ShubmanGill #INDvsPAK #BamBaminMY #BamBaminKL #Pakistan #Drisey #BINI #BBOTT3 #RadhikaMerchant #AmbaniWedding
89,Former US President #DonaldTrump attacked by gunmen in a political rally! Casualties reported; Trump is said to be survived. Developing story.
90,"Quando a esquerda estÃ¡ perdendo ela mata, isso Ã© no mundo todo.  #Trump #DonaldTrump forÃ§a trump"
91,They stole his 2016 election. They try to take him out of the 2024 race. They try to put him in Jail. And now they try to Kill Him. Sorry but nobody stops #DonaldTrump #DonaldJTrump
92,Donald J. Trump is a baller yo. Seriously. A straight baller. Let's start this hashtag #trumpisstraightballer #donaldtrump #Bidenbowout #Trump2024
93,The Demcocrat.. They Trying To Kill Donald Trump So Bad... #DonaldTrump #Democrats #president #election #joebidden #KamalHaasan #TrumpGotShot #Trump #TrumpRally #TRUMP2024ToSaveAmerica
94,"Hours after he's released from prison.  Peter Navarro, Trump ex-aide jailed for contempt of Congress, will address RNC, AP sources say #DonaldTrump https://share.newsbreak.com/7pud01mm"
95,#DonaldTrump âœï¸ Everyone is working to repel the forces of evil.   Donald Trump is safe and sound and we pray for him and his family.  ğŸ™ğŸ‡ºğŸ‡¸
96,"#Vira  Se vuelve tendencia en redes sociales la imagen del ex presidente Donald Trump despuÃ©s del atentado.  Con su puÃ±o levantado, ensangrentado y resguardado por el servicio secreto, la imagen ha sido compartida por miles de usuarios, con diferentes mensajes.  #DonaldTrump"
97,All Elements of a False Flag Checked:  âœ… Subliminal Message âœ… Photographer on Cue âœ… No serious damage to â€œTargetâ€ âœ… Targetâ€™s reputation enhanced  ğŸ· #DonaldTrump #DonaldJTrump #CNN #BBC #CIA #FoxNews #Butler #Pennsylvania #MAGA #Washington President Donald Trump CNN
98,"ğŸš¨#SONDAKÄ°KA  Donald Trumpâ€™a suikast giriÅŸiminde bulunan ÅŸahsÄ±n, 125 metre uzaktan ateÅŸ ettiÄŸi Ã¶ÄŸrenildi. #donaldtrump"
99,Somebody tried taking out Trump! This is wild! I would never even think about running for office cause you'll never know who you could anger! #DonaldTrump #DonaldJTrump #BreakingNews #FYP #President
100,#DonaldTrump #Trump2024 #Tendencia #EEUU #Tendencia #AlMomento #NoticiasalMomento #NoticiasDeÃšltimaHora
101,"2 people are dead,only  a complete moron would say such a moronic statement. #DonaldJTrump #DonaldTrump #WWE"
102,#Trump #Trump2024 #DonaldTrump #DonaldJTrump
103,Esta comunicaÃ§Ã£o social estÃ¡ cada vez mais ridÃ­cula ğŸ¤¦â€â™€ï¸ğŸ¤¡ #prayforTrump #DonaldTrump
104,A big incident happens   Everyone in the first 5 mins (without any info released):   â€œItâ€™s itâ€™s staged no one got hurt other than himâ€  â€œThereâ€™s no shooterâ€  â€œThis is fakeâ€  1 hour later: A shooter and bystander are confirmed dead . . .   #DonaldTrump #AssassinationAttempt #USA
105,The attack against #DonaldTrump is the clear example of American politics.
106,"NOW THEY DRAGGIN THE SHOOTER!!! follow for more, I'ma keep finding this shit for y'all... #Trending #DonaldTrump #ViralVideos #Trump2024"
107,#America #DonaldTrump #DonaldJTrump ğŸ«£ on Attack
108,Same story with both strong leader.  #DonaldTrump #DonaldJTrump #Trump #Trump2024 #TRUMP2024ToSaveAmerica #TrumpAssassinationAttempt
109,Former president donals trump suffering severe ear injury after being shot during his campaign  #DonaldJTrump #DonaldTrump
110,What's Alec Baldwin up to today? Anyone know? ğŸ¤£  #Trump #TrumpRally #TRUMP2024ToSaveAmerica #Trump2024 #DonaldTrump #DonaldJTrump #assasination #AssassinationAttempt #USElections2024
111,"Esta imagen quedarÃ¡ para la historia, tiene una narrativa extraordinaria. La bandera, el puÃ±o y la expresiÃ³n de #DonaldTrump"
112,Assassination attempt on yet another nationalist world leader #DonaldTrump who is running against the institutions that control the world.  Hungarian PM Victor Orban is planning to meet Trump soon.  #DonaldJTrump #TrumpRally #Trump2024 #Trump #TrumpAssassinationAttempt #JoeBiden2024 #USelections #USElections2024 #NewsUpdates #India #Bharat #IndiaStrikes
113,"#DonaldTrump Just survived an assassination attempt. This is all the fault of the democrats and the main stream media. For years you've portrayed this man as a threat to this country, a threat to ""democracy"", you've called him Hitler. This is what happens because you lied about"
114,#DonaldJTrump #DonaldTrump #shotsfired   ğŸ˜¬
115,ğŸ”´ğŸ‡ºğŸ‡¸ #ÃšltimaHora | El tirador del mitin de #Trump en #Pensilvania fue abatido por el Servicio Secreto de EE.UU. Su cuerpo yace en el techo de un edificio cercano.  #DonaldTrump #Elecciones2024 #NoticiasÂ #Seguridad
116,"I'm praying for Donald Trump's recovery.  ğŸ™ğŸ»âœï¸ğŸ¦…ğŸ‡ºğŸ‡¸ For the people who are saying this was staged, you are really reaching.  #donaldtrump #donaldtrump2024 #assassinationattempt #recovery"
117,"#DonaldTrump'Ä±n, Pensilvanyaâ€™daki mitinginde ateÅŸ aÃ§Ä±ldÄ±.Â  Trump gizli servis ajanlarÄ± ve polis tarafÄ±ndan uzaklaÅŸtÄ±rÄ±ldÄ±. Araca bindirilerek hastaneye gÃ¶tÃ¼rÃ¼len Trump'Ä±n kulaÄŸÄ±nda bir kanama olduÄŸu gÃ¶rÃ¼ldÃ¼. ABD basÄ±nÄ±na gÃ¶re, bir kiÅŸi hayatÄ±nÄ± kaybederken, saldÄ±rgan Ã¶ldÃ¼rÃ¼ldÃ¼."
118,"ğŸ”´USA ğŸ‡ºğŸ‡²| #TrumpRally : at a meeting in #Pennsylvania, #DonaldTrump was shot at. Very quickly, the former president was evacuated from the scene and taken to a hospital. According to the latest information, he ""is safe and sound"". His attacker is said to have died.  #Trump2024"
119,Il comunicato di vicinanza a #DonaldTrump del presidente #JoeBiden â€œprego per luiâ€. @RSIInfo_
120,"#DonaldTrump Be Lying! #ThingsThatMakeYouGoHmmWhoâ€™s With Me On #ThatPart!ğŸ‘‡ğŸ¾ğŸ‘‡ğŸ¾Or #OMGIsItOnlyMe??Â   Connect With Me On My Social: #TikTok, #Instagram #Twitter & #Facebook @lisardurden.Â   Subscribe To My #YouTube Channel: https://piped.video/user/Lisadurden"
121,Inicia el show mediatico... Trump #DonaldTrump
122,What happened to President Trump today reminds me of when our beloved Shah survived an assassination attempt at Tehran University in 1949.  Strong leaders Weak and reactionary enemies  #KingRezaPahlavi #DonaldTrump @PahlaviReza @realDonaldTrump  ğŸ¦â˜€ï¸ | ğŸ‡ºğŸ‡¸
123,Joe Biden is napping right now #DonaldJTrump #assasination #DonaldTrump  U.S.A. STRONG
124,Apparently the shooter was taken out!  #DonaldTrump #DonaldJTrump
125,The Attempted Assassination of an ex-American-President!   https://piped.video/live/-C2RyORyX0U?si=SzkIupYWmK2O1JLP #Trump #Trump2024 #DonaldTrump #DonaldJTrump
126,#DonaldTrump #mypresident
127,#DonaldJTrump #DonaldTrump #shotsfired #Trump2024 #Trump #TrumpAssassinationAttempt #TRUMP2024ToSaveAmerica #news #PresidentialElection2024
128,#DonaldTrump  AGORA SOU MAIS FÃƒ DESSE MITO AMERICANO. #Bolsonaro2026 VAI VOLTAR TAMBÃ‰M
129,"Donald Trump estÃ¡ a Â«salvoÂ», informa Servicio Secreto de EE.UU.   #NTelemicro5 #NT5FindeSemana #Objetivo5 #DonaldTrump #Disparo #Expresidente #EEUU #Mitin #Pensilvania #Trump https://ntelemicro.com/donald-trump-esta-a-salvo-informa-servicio-secreto-de-ee-uu/"
130,@CNNEE al parecer recibe buen financiamiento ğŸ’µ ğŸ’µğŸ’µ por parte de los que quieren ASESINAR a #DonaldTrump por eso minimiza este intento de MAGNICIDIO.
131,Will Trump's presidential victory rate increase following today's incident?  ğŸ”´ Share your thoughts & Follow Us For Breaking News   #Trump #TrumpRally #TRUMP2024ToSaveAmerica #Trump2024 #DonaldTrump #DonaldJTrump
132,Is bij de @NOS iedereen al uit bed getrommeld voor een speciale vergadering? Men moet een brainstormsessie houden waarin men zo veel mogelijk verzint waardoor #DonaldTrump deze aanslag op zijn leven zelf heeft veroorzaakt. En zoveel mogelijk woorden opschrijven die het gebeuren verzachten. En vooral waarom Biden een betere keuze is voor de Amerikanen.  #NOS #Trump
133,Waking up to this news in INDIA ğŸ˜³ğŸ˜³  Left/Biden gang is calling it a publicity stunt ğŸ«£ğŸ«£  #DonaldJTrump #DonaldTrump
134,The real assassination on trump was done by a guy from the roof  Rumors that shooter is caught and killed!!  Pray for trump! Go Trump  #Trump #TrumpRally #DonaldTrump
135,"Iâ€™m mind-blown that an assassination was actually attempted on #DonaldTrump. I never thought Iâ€™d be alive to see that happen to any President.   Though he lived, it shows how far we have fallenâ€¦  â€œThis is a choice land, and whatsoever nation shall possess it shall be free from bondage, and from captivity, and from all other nations under heaven, if they will but serve the God of the land, who is Jesus Christ.â€ (Ether 2:12.)  â€œIFâ€"
136,ØªØ±Ø§Ù…Ù¾ Ø¨Ø¹Ø¯ Ø§Ø² ØªØ±ÙˆØ±Ø´ØŒ Ø¯Ø³Øª Ø®ÙˆØ¯ Ø±Ø§ Ø¨Ù‡ Ø¹Ù„Ø§Ù…Øª Ù¾ÛŒØ±ÙˆØ²ÛŒ Ùˆ Ø§Ù‚ØªØ¯Ø§Ø± Ø¨Ø§Ù„Ø§ Ø¨Ø±Ø¯Ù‡. âœŠğŸ»  #DonaldTrump @TIME
137,#DonaldTrump Shot At Pennsylvania Rally - Gets Up and Yells FIGHT!!! #MAGA ğŸ‡ºğŸ‡¸    https://rumble.com/v56uhql-donald-trump-shot-at-pennsylvania-rally-gets-up-and-yells-fight.html
138,"Was this #Staged? Listen to #DonaldTrump #Incident #Staged or the real Deal? (#TheWrapUp) w/ Keyon mack"" by #ThisisMackNetwork. #Vote now if you think it was staged or not https://podcasters.spotify.com/pod/show/thisismacknetwork/episodes/Donald-Trump-Incident-Staged-or-the-real-Deal--The-Wrap-Up-w-Keyon-mack-e2m0as0"
139,#DonaldTrump Shooter dead on the roof! #Pennsylvania #assasination
140,And Castellanos hits a deep bombâ€¦ it happened again #donaldtrump #trump #usa
141,Former US President Donald Trump and India's economic friend was shot in the ear by an unknown gunman #DonaldTrump #DonaldTrumpIsUnfitToLead
142,Legendary behaviour  #ItsComingHome #RadhikaMerchant #DonaldJTrump #DonaldTrump #AmericanCommunistParty #elpresicumple #eltourxrcn #EURO2024
143,"El expresidente, @BarackObama, muestra su solidaridad con @realDonaldTrump, ante el ataque que ha sufrido este dÃ­a, en un mitin en Pensilvania.  Fuentes cercanas a Trump han informado que el aspirante a la Casa Blanca se encuentra estable.   #DonaldTrump #EEUU #Itvelsalvador"
144,#DonaldTrump #donaldtrumpshot CNN pictures
145,"#LoÃšltimo | Al menos dos personas, ademÃ¡s del tirador, murieron en el mitin de #DonaldTrump en #Pensilvania: #FoxNews."
146,The attack against #DonaldTrump is the clear example of American politics.
147,#DonaldTrump #TrumpRally #Trump https://x.com/i/broadcasts/1lPJqOELeqNKb?t=F7UN3cdIK6ydQTfRvS6NxQ&s=09
148,Donald Trump will now win in a landslide victory. â€¦. This incident just determined the outcome of the 2024 election. #DonaldTrump
149,I told you I said who ever think that Donald Trump will be president again is delusionalğŸ˜‚ğŸ˜‚ğŸ˜‚ğŸ˜‚ğŸ˜‚ #donaldtrump WAS JUST SH0T @ HIS #Pennsylvania rally ##historywasmade##Ear##maga##BREAKINGNEWS##viralvideo##tiktoker##bidenharris2024##biden
150,La #Chine Ã  l'origine de l'#attentat contre #DonaldTrump ?
151,Absolutely shocking that there's been an incident of firing at ex President Donald Trump election campaign   #DonaldTrump #USA #Elections
152,Dunno what to think after the shooting! L.o.l. â˜ ï¸ #DonaldTrump #Biden
153,Una foto histÃ³rica  OjalÃ¡ conocer el autor #DonaldTrump
154,ã€Œæ¿å£å›é­é›£ä¹‹å›³ã€ã¨ã€æ§‹å›³ãŒä¼¼é€šã„ã™ãã¦ã‚‹ã‚“ã§ã™ãŒ #DonaldTrump #æ¿å£é€€åŠ©
155,#DonaldJTrump #DonaldTrump #Trending #TrendingNow #Trump #Trump2024
156,Ma sta roba Ã¨ assurda  #Trump #DonaldTrump #Pennsylvania
157,"Es el momento en que #DonaldTrump es herido en la oreja en pleno mitin en #Pensilvania.  El candidato se encontraba en el escenario dirigiÃ©ndose a sus seguidores, cuando se escucharon disparos.  #Trump se toma la oreja y se tira al piso. Instantes despuÃ©s su equipo de seguridad se acerca y lo saca del lugar."
158,When the hexes arenâ€™t doing the job #DonaldTrump #lanadelrey
159,"Assassination attack on Donald Trump during election campaign.  Despite being injured, Trump stood firm.  Imran Khan was also adamant after the murderous attack.  The murderous attack on the two is just a coincidence? #ImranKhan #DonaldTrump"
160,Un antifa rien dâ€™Ã©tonnantâ€¦ ! Les antifas sont des terroristes et des criminels quâ€™il faut combattre avec force et mettre hors dâ€™Ã©tat de nuire ! Vive #DonaldTrump ! #prayforTrump #Trump2024 #MAGA2024 #TRUMP2024ToSaveAmerica #TrumpAssassinationAttempt
161,Suikaste dair yeni gÃ¶rÃ¼ntÃ¼ler ortaya Ã§Ä±ktÄ±. (Temsili)  #DonaldTrump
162,BREAKING - MUST WATCH: BBC interviews with a guy outside the security perimeter who claims he saw the shooter Mark Violets before he fired.  #DonaldTrump #TrumpRally2024 #TrumpAssassinationAttempt2024 #trumprally #MarkViolets #shooter #Trump2024MAGA #USA
163,"AMLO: ""La violencia es irracional e inhumana"" #DonaldTrump https://mexinius.com/2024/07/donald-trump-sufre-un-atentado-durante-un-mitin/"
164,#EEUU   El tirador estaba en un techo aproximadamente a 125 metros (410 pies) de donde se encontraba #DonaldTrump.  #US #USA #Trump
165,ğŸ˜±ğŸ”´ #Vi0lencia| Intentan asesin4r a Donald Trump durante un mitin en Pensilvania. Se escucharon sonidos de mÃºltiples disparos. El Servicio Secreto de EUA lo escoltÃ³ hasta su vehÃ­culo.  ğŸ“¸ Getty Images   #DonaldTrump
166,"Love to see all the support flowing in for daddy #Trump after what happened today, especially from people I never thought would. God fucking bless America and #DONALDTRUMP #hejustwon #fortyfivefortyseven"
167,La ex presidenta #Cristina FernÃ¡ndez de Kirchner se solidarizÃ³ con #DonaldTrump tras el atentado que sufriera el candidato republicano de los Estados Unidos este sÃ¡bado en el marco de su campaÃ±a electoral en #Pensilvania
168,"Ils ont voulu le tuer mais il reste vivant, vous ne pouvez rien contre la volontÃ© du Saint Esprit car Trump marche avec Dieu.  Superbiae Donald aeterna  #DonaldTrump #Trump2024 #MakeAmericaGreatAgain"
169,@JoeBiden   The nation turns its eyes to you.  #JoeBiden #DonaldTrump #Trump2024
170,#Trump #DonaldTrump
171,https://x.com/i/status/1812266435588296823 #donaldtrump
172,Ø§Ù„Ø­Ø¶ÙˆØ± Ø¬Ø§Ù„Ø³ ÙˆÙ„Ø§ ÙƒØ£Ù†Ù‡  ÙŠØ´ÙˆÙ Ø¹Ù…Ù„ÙŠØ© Ù‚ØªÙ„ Ù„ÙŠØ´ Ù‚Ù„Øª Ø¥Ù†Ù‡Ø§  ØªÙ…Ø«ÙŠÙ„ ğŸ˜‰ğŸ˜‚ğŸ˜‚ğŸ˜â˜ºØ§Ù„Ø·Ø¨ÙŠØ¹ÙŠ ÙŠØµÙŠØ± ØªØ¯Ø§ÙØ¹ Ø¨ÙŠÙ†Ù‡Ù… ÙˆÙ‡Ø±ÙˆØ¨  Ù†ÙØ³ÙŠ Ù†ÙØ³ÙŠ Ù„ÙƒÙ† Ø¹Ù†Ø¯Ù‡Ù… Ø¹Ù„Ù… ÙˆØ®Ø¨Ø± Ù…Ù† Ø§ÙˆÙ„ ğŸ¤£ğŸ‘Œ  #Trump #DonaldTrump #ØªØ±Ø§Ù…Ù¾ #Ø§Ù„Ø±ÙŠÙŠØ³_Ø§Ù„Ø§Ù…Ø±ÙŠÙƒÙŠ #Ø§Ù„Ø±ÙŠÙŠØ³_Ø§Ù„Ø³Ø§Ø¨Ù‚
173,God bless America #DonaldTrump
174,Where is Biden? @JoeBiden #assasination #DonaldTrump
175,Speak English please!  What are you saying?  #Trump #DonaldTrump #USA #AMERICA
176,ComÃ­cio de Trump Ã© interrompido apÃ³s sons de tiros; Ex-presidente foi ferido na orelha neste sÃ¡bado (13) na PensilvÃ¢nia. #leandroamaraljornalista #abcemoff #trump #sons #tiro #comicio #expresidente #donaldtrump
177,"The comments under @bbboatclub ğŸ¤¦â€â™€ï¸ the amount of them that think it's 'staged'.  Some of these people have slagged other people for being 'conspiracy theorists', throughout the last 4yrs. Looks like they are the conspiracy theorists now. ğŸ¤·â€â™€ï¸ #DonaldTrump #notstaged"
178,"ğŸš¨ #URGENT: Butler police have identified the man who shot Trump as Mark Violets, an Antifa member.   #DonaldTrump #Pennsylvania"
179,Like him or not I now stand with @realDonaldTrump and prayers for him and his family and other  victims no one deserves this #DonaldJTrump #DonaldTrump
180,â€œThat which does not kill us makes us stronger.â€                                                               -Friedrich Nietzsche #DonaldTrump #PresidentTrump #Shooter #Antifa #PoutinePolitics #staged #CivilWar
181,Foto para la historia! #DonaldTrump #EEUU #2024
182,Trump Shot At During Rally ğŸ˜³ #youtubeshorts #donaldtrump https://piped.video/shorts/SH55U2klyIk?si=_GA-2lSeYbizrNJ- via @YouTube
183,#DonaldTrump se convierte en el nuevo presidente de EEUU ğŸ‡ºğŸ‡²  Guarden este Twitt
184,L'attaque sur #DonaldTrump
185,#DonaldTrump is a good actor ğŸ˜‚ğŸ˜‚ğŸ˜‚ğŸ˜‚
186,"FIGHT! After an unsuccessful attempt on President #DonaldTrump life, shot in the ear, with blood running down his face, he collects himself long enough to throw his fist into the air and scream #FIGHT ! The most bad ass thing I've ever seen.  #TRUMPisTheOnlyChoice #TRUMP2024ToSaveAmerica #Trump2024 #TrumpRally #fight #DemocratsHateAmerica"
187,W takich chwilach polityczne podziaÅ‚y muszÄ… schodziÄ‡ na dalszy plan. NiezwykÅ‚a postawa @realDonaldTrump istotnie zapisze siÄ™ na kartach historii ğŸ‡ºğŸ‡¸ğŸŒ #DonaldTrump
188,#assasination attempt on #DonaldTrump at #Pennsylvania rally.  Heâ€™s slightly injured on the ear.  #AssassinationAttempt
189,"ğŸš¨ğŸ‡ºğŸ‡¸ Expresidente Obama se pronuncia tras atentado contra #DonaldTrump en #Pensilvania  ""Aunque aun no sabemos exactamente quÃ© pasÃ³, tenemos que estar tranquilos que el expresidente Trump no fue herido de gravedad"", @BarackObama."
190,Uff que grande ğŸ’ªğŸ‘ #DonaldTrump #DonaldJTrump #shotsfired
191,"#NSTworld Trump is safe, Secret Service says after shots ring out at rally  https://www.nst.com.my/world/world/2024/07/1076183/trump-safe-secret-service-says-after-shots-ring-out-rally #DonaldTrump #Pennsylvania"
192,Like Trump or not. No one deserves to be shot at or intentionally injured. #DonaldTrump
193,Similar Assasination Attempts.  Both people's choice. Both Anti war & Pro Development. Both are Victims of the International establishment.  #Trump #ImranKhan #DonaldTrump
194,You know there were a bunch of republicans shot at a baseball game and now Donald Trump has been shot. The facts are the facts.Liberals are unstable and dangerous. #shooter #DonaldTrump #DonaldJTrump #Tucker
195,"Donald Trump Assassination Attempt  Shooter Dead, Rally Attendee Killed at Trump Event. (This after Trump burned Biden with that criticism)  TRUMP'S BLOOD WAS ON HIS FACE (The bullet hit near his face, it grazed him) #donaldtrumpshot #DonaldTrump #Trump2024 #AssassinationAttempt"
196,#Trump #fightclub #DonaldTrump #Theymissed #Assasination #Whytheear #edwardnorton #Shotintheear
197,ImÃ¡genes del expresidente  Donald Trump herido tras el atentado  #DonaldTrump #Trump
198,Donald Trump will now win in a landslide victory. â€¦. This incident just determined the outcome of the 2024 election. #DonaldTrump
199,Â¿Atentado o estrategia polÃ­tica? #politic #DonaldTrump #POTUS
200,"Reports have circulated that the shooter at the Trump Pennsylvania rally has been killed, alongside another member of the audience, #CNN revealed, citing sources.  Only an hour ago, #DonaldTrump was shot in what was believed to be an assassination attempt, as he gave a presidential speech in Pennsylvania. Trump's campaign confirmed that the former president was okay, after receiving a medical check-up at a local medical center.  #uselections2024"
201,El mandatario calificÃ³ de irracional e inhumano el ataque en contra de #DonaldTrump en Pensilvania.Â   https://www.excelsior.com.mx/nacional/lopez-obrador-ataque-donald-trump-pensilvania/1662478
202,@ArtCandee @BidensWins @harryjsisson @JoJoFromJerz @mmpadellan @OccupyDemocrats Biden is lying again & again!  FACT CHECK: Fact-Checking Bidenâ€™s Claim That Trump Referred To Veterans As â€˜Suckers And Losersâ€™ #DonaldTrump #JoeBiden #Presidentialelection https://share.newsbreak.com/7puabyx7
203,"Balearon a nuestro presidente #DonaldTrump estamos en shock, chilenos que no les pase lo mismo, todo esto es culpa de la izquierda y sobre todo de @GabrielBoric"
204,ğŸš¨ğŸ‡ºğŸ‡¸ Ã€ l'instant : le tireur qui a tentÃ© d'assassiner Donald Trump a Ã©tÃ© neutralisÃ© par les services secrets des Ã‰tats-Unis.  Suivez @EconoHaiti pour les actu de derniÃ¨re seconde.  #DonaldTrump #TentativeDAssassinat #ServicesSecrets #EconoHaiti #BreakingNews
205,I wonder which gun was used in this assassination attempt.   #DonaldTrump
206,La ex presidenta #Cristina FernÃ¡ndez de Kirchner se solidarizÃ³ con #DonaldTrump tras el atentado que sufriera el candidato republicano de los Estados Unidos este sÃ¡bado en el marco de su campaÃ±a electoral en #Pensilvania
207,ğŸ—ï¸ğŸ¥ President Joe Biden has not yet spoken on the topic of the attempted assassination of former President Donald Trump. #JoeBiden2024 #DonaldTrump #News #Shooting #AssassinationAttempt #Elections #America #USA #Democracry #Safety #Respect #Breaking #Rally #Republican #Trump
208,Shots fired at former president Donald Trump during campaign rally in Pennsylvania!! #breakingnews #news #politics #donaldtrump #trump #pennsylvania #secretservice
209,Donald Trump pulled a Mox and bladed for the love of the game  #DonaldTrump
210,Shots fired at #DonaldTrump rally (VIDEO) https://www.rt.com/news/600975-trump-shot-fire-rally/
211,"So many thoughts, nonpolitical.  Thank you to all law enforcement agents on scene for their courage in the face of one deranged individual.  A tragic day as we see how extreme the politics have become.  #DonaldTrump #AssassinationAttempt #StopPoliticalViolence"
212,ğŸ˜±ğŸ”´ #Vi0lencia| Intentan asesin4r a Donald Trump durante un mitin en Pensilvania. Se escucharon sonidos de mÃºltiples disparos. El Servicio Secreto de EUA lo escoltÃ³ hasta su vehÃ­culo.  ğŸ“¸ Getty Images   #DonaldTrump
213,THIS IS A WIN FOR @DTC_DonaldTrump $DTC ğŸ‡ºğŸ‡¸   #TRUMP #MakeAmericaGreatAgain #DONALDTRUMP
214,#DonaldJTrump #DonaldTrump #Trump #Trump2024 ğŸ‡ºğŸ‡¸ğŸ‡ºğŸ‡¸ğŸ‡ºğŸ‡¸ #FoxNews #MSNBC #CNN #CBS #ABC #NBC
215,ğŸ’¥Ø®Ø¯Ø§ÛŒ Ù…Ø³Ù„Ù…ÙˆÙ†Ø§ Ø¯ÙˆÙ†Ø§Ù„Ø¯ ØªØ±Ø§Ù…Ù¾ Ø±Ø§ Ø¯ÙˆØ³Øª Ø¯Ø§Ø±Ù‡ Ùˆ Ù†Ø¬Ø§ØªØ´ Ù…ÛŒØ¯Ù‡ØŒ Ø§Ù…Ø§ Ø±Ø¦ÛŒØ³ÛŒ Ø±Ùˆ Ø°ØºØ§Ù„ Ù…ÛŒâ€ŒÚ©Ù†Ù‡! ğŸ˜ #Ø¯ÙˆÙ†Ø§Ù„Ø¯_ØªØ±Ø§Ù…Ù¾ #DonaldTrump
216,Donald Trump will now win in a landslide victory. â€¦. This incident just determined the outcome of the 2024 election. #DonaldTrump
217,Un centÃ­metro salvÃ³ la vida del ex presidente de Estados Unidos de morir tras el atentado que sufriÃ³ durante un acto de campaÃ±a en Pensilvania; el atacante le disparo justo en la oreja. #EUA #DonaldTrump #Atentado @Donaldtrump @JoeBiden
218,Project 2025 Director in Resurfaced Interview: Trumpâ€™s â€˜Very Bought Inâ€™ #DonaldTrump https://share.newsbreak.com/7pubdd3j
219,#DonaldTrump #AssassinationAttempt #Soros
220,Foto tomada desde el piso del intento de asesinato con un disparo al Presidente Donald Trump   #Trump #DonaldTrump #Trump2024
221,trump is the strongest man in american history by far. #DonaldTrump #DonaldJTrump
222,They must have hired the hitman from Temu.ğŸ¤£ #DonaldTrump
223,"Donald Trump foi este sÃ¡bado retirado de urgÃªncia pelos ServiÃ§os Secretos de um comÃ­cio na PensilvÃ¢nia apÃ³s terem sido, alegadamente, disparados tiros no momento em que o candidato Ã  presidÃªncia dos EUA discursava.  ğŸ‘‰ Sabe tudo atravÃ©s do link na bio.  #donaldtrump"
224,"Donald Trump was shot, Politicians have always been used by Satanic power, If not why would someone with a right senses would be thinking of killing Trump. #DonaldTrump"
225,"Allahâ€™Ä±n verdiÄŸi Ã¶mrÃ¼ onun isteÄŸinden baÅŸka olacak yoktur"" #turgutozal  ""tanrÄ±'nÄ±n verdiÄŸi Ã¶mrÃ¼ onun isteÄŸinden baÅŸka olacak yoktur"" #DonaldTrump  trump #benzerisler"
226,#Trump just won the election  #bitcoinâ€¯â€¯â€¯ #Bullrun2024 #AssassinationAttempt #DonaldTrump
227,#DonaldTrump #DonaldJTrump #Trump  ğŸ‘‡
228,#TutinAndPrump #DonaldTrump And his big buddy... #VladimirPutin https://stories-d.apexnews.com/news/detail/eb20aded5f841421e5fe2f837e8a2771?app_version=5.0+%28Linux%3B+Android+10%3B+K%29+AppleWebKit&country=de&entry_id=2947e878240711de_de&language=de&request_id=DETAIL_EXPLORE_2eb30016-4a57-4ef6-9427-5d5873adb5a4&features=162129586587566601&abgroup=MT-3381&client=opera&like_count=1&uid=91f4b53f899ca04edc0bb31dfcc438240612b6c5
229,Donald Trump will now win in a landslide victory. â€¦. This incident just determined the outcome of the 2024 election. #DonaldTrump
230,#DonaldTrump #trump WWG1WGA
231,As always @guardian is making @CNN look like a small town weekly #DonaldTrump #AssassinationAttempt
232,What an absolute legend.  MR PRESIDENT TRUMP.  #DonaldTrump #godsavedtrump
233,ğŸš¨ Disparan a #DonaldTrump durante mitin en #Pensilvania.   https://imagenpoblana.com/24/07/13/disparan-a-donald-trump-durante-mitin-en-pensilvania
234,Statement from former Pres. Barack Obama. ğŸ‡ºğŸ‡¸ #DonaldTrump #PARally
235,Refua shlema. Get better #DonaldTrump . Communists are attacking...
236,"Ultima Hora | â€œDonald Trump saliÃ³ ileso tras un incidente durante un acto de campaÃ±a en Pensilvania, donde se escucharon mÃºltiples disparos.   #4cnews #noticias #DonaldTrump #expresidente #EU #atentado #intento #asesinato #Pensilvania #SituaciÃ³nRiesgo"
237,#DonaldTrump
238,BreakingğŸš¨ Donald Trump just survived an assassination atempt  #DonaldTrump
239,MÃ¡s detalles del acontecimiento en Pensilvania con el Ex presidente #DonaldTrump https://zona24hrs.com/tiroteo-interrumpe-evento-de-donald-trump-en-pensilvania/
240,"ğŸŸ  #VisiÃ³n360 | Milei repudia ""el intento de asesinatoâ€ contra Donald Trump #JavierMilei #DonaldTrump https://www.vision360.bo/noticias/2024/07/13/8144-milei-repudia-el-intento-de-asesinato-contra-donald-trump"
241,Trump Shooting: Suspected shooter killed in return fire in Buttler county shooting #DonaldTrump #Trumpshooting https://telanganatoday.com/trump-shooting-suspected-gunman-dead-one-rally-attendee-also-dies
242,Â¡#DonaldTrump sufriÃ³ un atentado en #Pensilvania y esta fotografÃ­a captada segundos despuÃ©s se vuelve viral en redes sociales! ğŸ˜±ğŸ“¸â˜€ï¸ğŸ“º #SaleElSol
243,@CFKArgentina sobre el Atentado a #DonaldTrump
244,Reacciones tras el intento de atentado contra #DonaldTrump
245,#TrumpRally #Trump @realDonaldTrump You can't kill #DonaldTrump
246,"ğŸŸ£ MENSAJE ğŸŸ£  A travÃ©s de un comunicado, #JavierMilei repudiÃ³ el ataque contra #DonaldTrump .  ğŸ“¢ ""La bala que rozÃ³ su cabeza no es solo un ataque a la democracia, sino tambiÃ©n a todos aquellos que defendemos y habitamos el mundo libre"", expresÃ³ el Gobierno."
247,Antifa made by jews and communist we should attack wipe out all member  of this jewscommunist parasite #antifa #trump #DonaldTrump #DonaldJTrump #TrumpRally
248,#DonaldTrump is a wonderful #courageous #man. We should be so proud of him. ğŸ‡ºğŸ‡²ğŸ‡ºğŸ‡²ğŸ‡ºğŸ‡² God bless Donald #Trump and give him #strength.
249,Menace To Society  #DonaldTrump the Antichrist
250,#DonaldTrump just dodged a bullet and America just dodged a #CivilWar
251,Ø¨Ø¹Ø¯ Ù…Ø­Ø§ÙˆÙ„Ø© Ø¥ØºØªÙŠØ§Ù„ #ØªØ±Ø§Ù…Ø¨ ğŸ˜  #DonaldTrump #DonaldJTrump
252,"United States à¤•à¥‡ à¤ªà¥‚à¤°à¥à¤µ à¤°à¤¾à¤·à¥à¤Ÿà¥à¤°à¤ªà¤¤à¤¿ #DonaldTrump à¤•à¥‡ à¤Šà¤ªà¤° à¤šà¤²à¥€ à¤—à¥‹à¤²à¥€, à¤¬à¤¾à¤²â€“à¤¬à¤¾à¤² à¤¬à¤šà¥‡.. #DonaldJTrump #Pennsylvania"
253,God was looking out for you!  #DonaldTrump
254,"Via @MaggieNYT: â€œThereâ€™s little solid information about Trump or what happened beyond the preliminary information and what people saw. But this could end up scrambling the Republican National Convention, set to open in Milwaukee in two daysâ€¦.â€ ğŸ¤¯ #DonaldTrump #Trump #Trump2024"
255,"#DonaldTrump has repeatedly promised to weaponize the federal government during a second administration by pursuing #revenge, #retaliation, and #retribution against his #politicalenemies. https://www.citizensforethics.org/reports-investigations/crew-investigations/trump-has-threatened-dozens-of-times-to-use-the-government-to-target-political-enemies/#:~:text=In%20June%20he%20reposted%20a,of%20%5BBiden's%5D%20residences%20and%20seize"
256,"#DonaldTrump herido en Pensilvania y evacuado de un mitin polÃ­tico. La razÃ³n principal fue por un posible atentado en su contra en el que saliÃ³ vivo, pero no ileso, ya que quedÃ³ herido en una de sus oreja luego de, supuestamente, una bala lo rozÃ³.  https://elestimulo.com/uncategorized/2024-07-13/donald-trump-herido-en-pensilvania-y-evacuado-de-un-mitin-politico-video/"
257,PUT ON ALL OF GODâ€™S ARMOR ğŸ’ªğŸ»ğŸ‡ºğŸ‡¸  #DonaldTrump
258,Donald Trump Until Election Day: ğŸ—£ï¸â€œThey tried to take me out â€œBIGLYâ€  #DonaldTrump #Trump #TrumpRally
259,"Well... that fits with the interview I just posted.      Again, *if* this is true - there will be A LOT of questions that need answers...  #trump #DonaldTrump"
260,"VOTING is the answer, not VIOLENCE! Prayers for Donald Trump and his family!! ğŸ™ğŸ½ğŸ™ğŸ½ #StopTheViolence #DonaldTrump"
261,Cero democracia.  Â¡Dios proteja a #DonaldTrump!
262,#BREAKING: Very close bullet fired which  passed through #Trumps head but hits his ear.  Former President #DonaldTrump survived assassination attempt.   #Trump #TrumpRally #Trump2024 #TrumpAssassinationAttempt #TRUMPshot
263,"#AMLO  escribiÃ³ en su cuenta de X: â€œSea como sea, reprobamos lo sucedido al expresidente #DonaldTrump. La violencia es irracional e inhumanaâ€. https://radio580.com.ni/lideres-latinoamericanos-se-pronuncian-tras-el-ataque-contra-trump"
264,Democrats everywhere right now in the wake of the Donald Trump assassination attempt in Pennsylvania  #DonaldTrump #Pennsylvania #Prayers #goodfellas #meme #fyp
265,#RT @AlbertoRodNews: ÃšLTIMA HORA | Servicio Secreto de EEUU neutralizÃ³ al atacante de Donald Trump que disparÃ³ contra el mandatario en acto de campaÃ±a en Pensilvania (Detalles)  #DonaldTrump #Pennsylvania
266,"#DonaldTrump dodged bullets. So did Neo in the matrix. Both are shattering norms, dispelling lies and saving black men from government manipulation. See the similarities. Free your mind 2028 #israelisreal"
267,Estamos contigo #DonaldTrump
268,#Atentado #Elections2024 #CampaÃ±a2024 #PoliticaEEUU #DonaldTrump #EleccionesEstadosUnidos #TrumpRally
269,"Esta sÃ¡bado, el mitin del expresidente de Estados Unidos, #DonaldTrump, fue interrumpido por disparos que habrÃ­an herido al candidato.  https://www.excelsior.com.mx/global/estado-de-salud-de-donald-trump-atentado/1662477"
270,#ULTIMAHORA Intentan asesinar a Donald Trump durante un mitin en Pensilvania  #Atentado #DonaldTrump #Pensilvania
271,Ok if you could go to a Trump Rally Tomorrow would you??? I SAY HELL YES I WOULD!  @realjoshuareid #MAGA #DONALDTRUMP #TRUMP2024
272,Turn your PFP to this to show solidarity with trump!   #donaldtrump #trump2024 #fightfightfight  I'll do this for a day or two
273,Soutenez @realDonaldTrump aprÃ¨s la tentative dâ€™assassinat dont il vient dâ€™Ãªtre victime ? #DonaldTrump #DonaldJTrump #Trump #Trump2024 #USA
274,Pk je vois Ã§a maintenant aprÃ¨s le shooting ğŸ˜­ğŸ˜­ğŸ˜­ le monde est cruel #DonaldTrump #Biden
275,"VOTING is the answer, not VIOLENCE! Prayers for Donald Trump and his family!! ğŸ™ğŸ½ğŸ™ğŸ½ #StopTheViolence #DonaldTrump"
276,"A.B.D seÃ§imine epey zaman var.  Ancak,bugÃ¼n #DonaldTrump baÅŸkan seÃ§ildi !!"
277,"En medio de detonaciones #DonaldTrump  candidato presidencial de los Estados Unidos resultÃ³ herido, cuando se encontraba dando un discurso en Â Butler-Pensilvania. El presunto agresor terminÃ³ muerto y otra persona de la que se desconoce la identidad"
278,ğŸš¨BREAKINGğŸš¨    Over an hour has passed since the assassination attempt on #DonaldTrump  ğŸš¨There has been no word from Joe Biden or any White House Staff.    Whatâ€™s going on here?
279,And Asim Munir traitor & his shameless associates have lost. #ReleaseImranKhan #DonaldTrump #DonaldJTrump #ImranKhanFightingForPakistan
280,All these fake ass #Democrat leaders saying oh pray for #DonaldTrump so happy heâ€™s safe they know theyâ€™re breaking out the champagne and celebrating theyâ€™re loving this. To bad to sad. Heâ€™s gonna clean his ass with all of you deep state wannabes. itâ€™s on!!
281,Bizar wat er nu met trump gaande is ook de 3 lives waar deze gast het vaker over heeft gehad. Erg heftig crypto markt heeft er wel een pump van gekregen lmfao. $BTC #Crypto #DonaldTrump #USA
282,#BREAKING: Donald Trump whisked off stage in Pennsylvania after apparent gunshots rang through the crowd.  #Trump #Trump2024 #TrumpAssassinationAttempt #TRUMP2024ToSaveAmerica #TrumpRally #TRUMPshot #prayersfortrump #USA #prayforTrump #DonaldJTrump #DonaldTrump #news #NewsUpdate
283,"ğŸ‡ºğŸ‡¸ğŸš¨ Presunto intento de asesinato contra Donald Trump en Estados Unidos.   âœ… En pleno acto polÃ­tico en Butler, Pensilvania,  tuvo que ser evacuado del escenario por equipo de seguridad, tras presuntamente haber recibido un disparo en la oreja.   #DonaldTrump #EstadosUnidos"
284,Not sure how many people were hit from strays. Praying for everyone & families ğŸ™  #DonaldTrump #TrumpRally
285,God bless our President Donald Trump and let the wicked be punishedğŸ™‚#good #Herolegends #Heroescon2024 #DonaldTrump #Trump #DonaldJTrump #Tucker #NancyPelosi #Newsmax #Pennsylvania
286,Assassination attempt on #DonaldTrump  A shocking and disturbing incident. #politics #Elections #democracy #worldpeace
287,"GOPâ€™s 2024 platform mirrors extremist Project 2025 as threat to women, LGBTQ+ people, and minorities #Discrimination #DonaldTrump https://share.newsbreak.com/7pua6hse"
288,Good Evening! Excuse the Sweaty Me! Off Today! Been Doing  Errands n Chores..Chilling With A Cold Glass Of Wine! #Cheers to Winding Down on A Saturday Night! #StaySafe n  Praying For #DonaldTrump !
289,Well you know someone had to see him. Itâ€™s just crazy! #DonaldJTrump #DonaldTrump
290,"#ElonMusk, Trumpâ€™Ä± sonuna kadar, DestekleyeceÄŸini aÃ§Ä±kladÄ±.  #bymusademirci ğŸ‡¹ğŸ‡· #DonaldTrump #DonaldTrumpIsUnfitToLead #DonaldTrumpIsProject2025"
291,"El exmandatario y virtual candidato republicano #DonaldTrump cayÃ³ al suelo en el escenario durante un mitin, por lo que se suspendiÃ³ su evento en #Pennsylvania.  El Servicio Secreto sacÃ³ al expresidente del escenario tras escucharse los disparos.   https://www.eluniversal.com.mx/mundo/suspenden-mitin-de-donald-trump-por-incidente-de-seguridad/"
292,"Potenciais VP de Trump, Doadores Principais e Celebridades no RNC. -  https://financeiro.news/potenciais-vp-de-trump-doadores-principais-e-celebridades-no-rnc/  - #DonaldTrump #RepublicanParty #PresidentialNomination #RNC2024 #Milwaukee #Politics #ElectionNews #USApolitics  Donald Trump serÃ¡ oficializado como candid..."
293,Donald Trump #DonaldTrump
294,Exactly same thing when anybody goes to Kandi #rhoa restaurant Old Lady and the Gang restaurant basically the same thing #DonaldTrump #DonaldJTrump #DonaldTrumpIsProject2025 #shooter
295,"Atentado contra #DonaldTrump  â€œÂ¡Primero intentan quitarle su libertad, ahora lo intentan asesinar! El atentado contra el Presidente Trump no solo fue contra su vida, sino contra el sistema democrÃ¡tico de nuestra naciÃ³nâ€¦â€ - Javier JimÃ©nez, candidato a la gobernaciÃ³n por Proyecto Dignidad."
296,PRAYING FOR PRESIDENT TRUMP! WE LOVE YOU â¤ï¸  ğŸ‡ºğŸ‡¸  #FIGHTFIGHTFIGHTâœŠï¸âœŠï¸âœŠï¸ #DonaldTrump #MAGAMOVEMENT
297,â€˜Heinous Actâ€™ Trump Spox Confirms Fmr. President is OK and Being Treated at a Medical Facility #DonaldTrump #Medicalfacility #Pennsylvania https://share.newsbreak.com/7pua5ucb
298,This is the moment former President Donald Trump was shot in side of the head at a rally in a horrifying assassination attempt #DonaldTrump #FYP #thebackcover #backcovernews
299,"#DonaldTrump insisted on complete immunity for any actions as president. He even joked, including taking out a political opponent. So what's your point? He set this tone"
300,Donald Trump will now win in a landslide victory. â€¦. This incident just determined the outcome of the 2024 election. #DonaldTrump
301,Donald Trump next American President. Yes or No? #DonaldTrump #DonaldJTrump #Trump #TrumpRally
302,REPORTED VIDEO OF THE SHOOTER'S BODY WHO TRIED ASSASSINATING TRUMP #DonaldTrumpIsProject2025 #DonaldTrump #DonaldJTrump #Trump #Trump2024 #TRUMP2024ToSaveAmerica #TrumpAssassinationAttempt #TrumpIsProject2025 #TRUMPshot
303,ğŸš¨ #DonaldTrump fue evacuado en un mitin por el servicio secreto tras un aparente atentado  El expresidente daba un discurso cuando se ha llevado la mano a la cara tras oÃ­rse disparos
304,#Fight @realDonaldTrump #DonaldTrump you are a real Hero and need of hour for #USA
305,Footage of Trumps shooter being dragged out of the rally by police #DonaldTrump #DonaldJTrump #USA
306,Big Breaking = TRUMP WAS JUST SHOT ON LIVE TV... #PresidentialElection2024 #Shooter #DonaldTrump
307,"#RT @AlbertoRodNews: ÃšLTIMA HORA | Dos muertos en el mitin campaÃ±a de Trump, incluido el presunto autor del tiroteo, segÃºn medios (Detalles)  #DonaldTrump #Pennsylvania https://tinyurl.com/2dxv9gzd"
308,"@realDonaldTrump   I don't have much to offer a man like you, but I do have a spare wheelbarrow for those 2 ton balls.  God bless you and stay safe. They've only begun to play their hand.   #Trump2024 #DonaldTrump #MAGA #fuckjoebiden"
309,â­•Ahora si lo convirtieron en presidente automÃ¡ticamente.  @realDonaldTrump #panpatriajusticia #trump #donaldtrump
310,ã‚¬ãƒƒãƒ„ãƒãƒ¼ã‚ºãŒå’„å—Ÿã«å‡ºæ¥ã‚‹ã¨ã“ã‚ãŒã™ã”ã„ #DonaldTrump
311,ğŸ‡ºğŸ‡² #EstadosUnidos Imagem histÃ³rica da tentativa de #assassinato do presidente #DonaldTrump    Siga @Historiasdomund
312,"VOTE FOR AMERICA!!!! FIGHT, FIGHT, FIGHT!!! @realDonaldTrump @DonaldJTrumpJr #DonaldTrump #SaveAmerica"
313,"If #DonaldTrump 'truly' got shot today, it is because of their obsession with guns and Trump's constant incendiary rhetoric about violence, retribution, civil war. This is on you #MAGA. You made this happen. You are its cause."
314,Donald â€œThe Bull Mooseâ€ Trump #DonaldTrump
315,Las imÃ¡genes mÃ¡s impactantes del tiroteo durante el acto de #DonaldTrump (@realDonaldTrump) en #Pensilvania ğŸš¨ğŸ“¸
316,"Viva Donald TrumpğŸ‡ªğŸ‡¦ğŸ‡ºğŸ‡¸ ğŸ—½ğŸ—½ğŸ—½  I love the USA of the movies, where the good guys always won.  I want a free USA, where men had the right to be men, and women were women.  Long live freedom and long live Donald Trump.  #DonaldTrump president #CPAC #EEUU @VOX_Europa_"
317,GOD FATHER #DonaldTrump #TRUMP2024ToSaveAmerica
318,Fue dado de baja (abatido) El francotirador que intentÃ³ quitarle la vida al expresidente #DonaldTrump no cabe la palabra (asesinado).
319,"#ÃšltimaHora | #Internacional  La titular de la SecretarÃ­a de Relaciones Exteriores de MÃ©xico (@SRE_mx), Alicia BÃ¡rcena (@aliciabarcena), calificÃ³ como ""reprobable"" el ataque perpetrado contra el expresidente de los #EEUU, #DonaldTrump, durante un mitin de campaÃ±a en #Pennsylvania. ""Nada justifica la violencia polÃ­tica"", seÃ±alÃ³ BÃ¡rcena."
320,the shooters name is william bruce rose  #DonaldTrump
321,"BREAKING: Trump Shot and Rushed Off Stage at Rally, Two More Killed #DonaldTrump #Violentcrime https://share.newsbreak.com/7pu9xen5"
322,"Tiroteo en mitin de #DonaldTrump deja dos muertos en #Pensilvania, uno de ellos fue el tirador. Donald Trump solo un roceen la oreja ğŸ‘‡ğŸ‡ºğŸ‡¸ https://comunicamasmedia.com/2024/07/13/tiroteo-en-mitin-de-donald-trump-deja-dos-muertos-en-pensilvania/?amp=1"
323,"Culpan a la IZQUIERDA TERRORISTA, con tanta plata robada por la banda del #prÃ³fugoRafaelCorrea @MashiRafael comprÃ³ a la casta corrupta de MÃ©xico, matÃ³ a un candidato presidencial.. nada raro que atenten contra la vida de #DonaldTrump"
324,"Te 2 zdjÄ™cia przejdÄ… do historii kampanii w USA.   Teraz porÃ³wnajcie, to sobie z Joe Bidenem.   #Trump #Trump2024 #DonaldTrump #DonaldTrump"
325,"#Breaking: Elon Musk expresses support for former US President Donald Trump after an assassination attempt during his rally in Pennsylvania, wishing him a speedy recovery.  #Trump #TrumpRally #TRUMP2024ToSaveAmerica #Trump2024 #DonaldTrump #DonaldJTrump"
326,#DonaldTrump Â¿Directo a La Casa Blanca por segunda vez?    Opinionesâ€¦.
327,"ğŸ”´ ""Donald Trump is now safe, and we are protecting him."" - U.S. Secret Service  #Trump #Trump2024 #DonaldJTrump #DonaldTrump #Pennsylvania #BreakingNews"
328,ğŸ¥ğŸš¨ Â¡Momento impactante! Un supuesto tirador en un techo cercano a la campaÃ±a de Donald Trump.Â   Â #elavance #DonaldTrump
329,Letâ€™s pray for our great country and for this great patriot #DonaldTrump.
330,ğŸš¨ğŸ—£ï¸ğŸ“£ Video of the assassination attempt. Shots fired at President Trump on stage. First bullet appears to graze Trump's right ear.  #BreakingNews: #President #DonaldTrump #shot? #ElonMusk endorses Donald Trump! #RedAmericaFirst #AshleyWeis
331,"BREAKING NEWS: An eyewitness told the BBC that he informed the police and the Secret Service about a suspicious man on a roof with a rifle, but his report was ignored.  #BreakingNews #DonaldTrump"
332,#DonaldTrump
333,Meta Removes All Restrictions on Trumpâ€™s Account After Former President Threatens Zuckerberg with Prison #DonaldTrump #MarkZuckerberg #Prison #Voterfraud https://share.newsbreak.com/7pu8yd7d
334,#Fight #DonaldTrump
335,#DonaldTrump
336,"When #donaldtrump gets shot and #skynews do a live news then #ryan says ""these motherfuckers"" then skynews disconnects him LMAO.... BYEEEE ğŸ˜‚ğŸ˜‚ğŸ˜‚ğŸ˜‚ What the fuck is going on in this neighbhour we don't get down like that..."
337,"Donald Trump'Ä± hedef alan suikastÃ§Ä±nÄ±n, Trump'Ä±n bulunduÄŸu yerden yaklaÅŸÄ±k 125 metre uzakta olduÄŸu sÃ¶yleniyor.  #DonaldTrump #Trump #KulaÄŸÄ±nÄ± #Pensilvanya"
338,#KemalGÃœÃ‡LÃœ @_kemalguclu #DonaldTrump #Trump #SonDakika
